{
  "status": "trained",
  "example_count": 1500,
  "train_count": 1200,
  "test_count": 300,
  "token_report": {
    "B-Artifact": {
      "precision": 1.0,
      "recall": 0.9318181818181818,
      "f1-score": 0.9647058823529412,
      "support": 44.0
    },
    "B-Concept": {
      "precision": 1.0,
      "recall": 1.0,
      "f1-score": 1.0,
      "support": 27.0
    },
    "B-Event": {
      "precision": 1.0,
      "recall": 1.0,
      "f1-score": 1.0,
      "support": 3.0
    },
    "B-Organization": {
      "precision": 1.0,
      "recall": 1.0,
      "f1-score": 1.0,
      "support": 8.0
    },
    "B-Person": {
      "precision": 0.9926739926739927,
      "recall": 0.9963235294117647,
      "f1-score": 0.9944954128440368,
      "support": 272.0
    },
    "B-Place": {
      "precision": 1.0,
      "recall": 0.9130434782608695,
      "f1-score": 0.9545454545454546,
      "support": 23.0
    },
    "I-Artifact": {
      "precision": 1.0,
      "recall": 1.0,
      "f1-score": 1.0,
      "support": 88.0
    },
    "I-Concept": {
      "precision": 1.0,
      "recall": 1.0,
      "f1-score": 1.0,
      "support": 13.0
    },
    "I-Organization": {
      "precision": 1.0,
      "recall": 1.0,
      "f1-score": 1.0,
      "support": 6.0
    },
    "I-Person": {
      "precision": 0.8695652173913043,
      "recall": 1.0,
      "f1-score": 0.9302325581395349,
      "support": 40.0
    },
    "O": {
      "precision": 0.999332354119375,
      "recall": 0.999065545321052,
      "f1-score": 0.9991989319092123,
      "support": 7491.0
    },
    "accuracy": 0.998378041172801,
    "macro avg": {
      "precision": 0.9874155967440611,
      "recall": 0.9854773395283516,
      "f1-score": 0.9857434763446528,
      "support": 8015.0
    },
    "weighted avg": {
      "precision": 0.99847643161712,
      "recall": 0.998378041172801,
      "f1-score": 0.998392121999893,
      "support": 8015.0
    }
  }
}