{
  "status": "trained",
  "example_count": 1500,
  "train_count": 1200,
  "test_count": 300,
  "token_report": {
    "B-Artifact": {
      "precision": 1.0,
      "recall": 0.9692307692307692,
      "f1-score": 0.984375,
      "support": 65.0
    },
    "B-Concept": {
      "precision": 0.95,
      "recall": 0.95,
      "f1-score": 0.95,
      "support": 40.0
    },
    "B-Event": {
      "precision": 1.0,
      "recall": 1.0,
      "f1-score": 1.0,
      "support": 6.0
    },
    "B-Organization": {
      "precision": 1.0,
      "recall": 1.0,
      "f1-score": 1.0,
      "support": 53.0
    },
    "B-Person": {
      "precision": 0.9846743295019157,
      "recall": 0.9734848484848485,
      "f1-score": 0.979047619047619,
      "support": 264.0
    },
    "B-Place": {
      "precision": 1.0,
      "recall": 1.0,
      "f1-score": 1.0,
      "support": 19.0
    },
    "I-Artifact": {
      "precision": 1.0,
      "recall": 1.0,
      "f1-score": 1.0,
      "support": 83.0
    },
    "I-Concept": {
      "precision": 0.9333333333333333,
      "recall": 0.9655172413793104,
      "f1-score": 0.9491525423728814,
      "support": 29.0
    },
    "I-Event": {
      "precision": 1.0,
      "recall": 1.0,
      "f1-score": 1.0,
      "support": 3.0
    },
    "I-Organization": {
      "precision": 1.0,
      "recall": 1.0,
      "f1-score": 1.0,
      "support": 81.0
    },
    "I-Person": {
      "precision": 0.9615384615384616,
      "recall": 0.8333333333333334,
      "f1-score": 0.8928571428571429,
      "support": 60.0
    },
    "I-Place": {
      "precision": 1.0,
      "recall": 1.0,
      "f1-score": 1.0,
      "support": 18.0
    },
    "O": {
      "precision": 0.9974341661039838,
      "recall": 0.9990531583930745,
      "f1-score": 0.9982430058115962,
      "support": 7393.0
    },
    "accuracy": 0.9964259304905102,
    "macro avg": {
      "precision": 0.9866907915752073,
      "recall": 0.9762014885247182,
      "f1-score": 0.9810519469299416,
      "support": 8114.0
    },
    "weighted avg": {
      "precision": 0.9963943538765384,
      "recall": 0.9964259304905102,
      "f1-score": 0.9963717452173951,
      "support": 8114.0
    }
  }
}